Region_ID,Region_name,Region_class,Process_ID,Interval,Layer,Depth_mean,PRC_NASC,Ping_S,Ping_E,Dist_S,Dist_E,Date_S,Time_S,Date_E,Time_E,Lat_S,Lon_S,Lat_E,Lon_E,Lat_M,Lon_M,Program_version,Processing_date,Processing_time,EV_filename,PRC_ABC,Thickness_mean,Frequency,Region_notes
1,"LM_T01","Transect",2015,5,1,41.862123,3.332008,1273,1359,4005.466266,4625.514766,20201025, 19:28:26.2380,20201025, 19:30:35.2380,43.56771921,-66.37959461,43.56241355,-66.37800093,43.56505459,-66.37882346,"13.0.388.45006",20230628, 11:38:37.5500,"Y:\Acoustic Index Review Files\EV_File Versions\Version_2022-11-04\2020\German Bank\2020-10-25\LM_Oct25_2020_AD2.EV",0.00000007730617,77.713655,38.000000,""
1,"LM_T01","Transect",2015,6,1,41.839537,9.086989,1360,1489,4632.143259,5554.860366,20201025, 19:30:36.7380,20201025, 19:33:50.2380,43.56235789,-66.37797151,43.55423969,-66.37822333,43.55835785,-66.37813697,"13.0.388.45006",20230628, 11:38:37.5500,"Y:\Acoustic Index Review Files\EV_File Versions\Version_2022-11-04\2020\German Bank\2020-10-25\LM_Oct25_2020_AD2.EV",0.00000021082794,77.700923,38.000000,""
1,"LM_T01","Transect",2015,7,1,39.586289,6.919494,1490,1619,5561.239604,6479.596631,20201025, 19:33:51.7380,20201025, 19:37:05.2380,43.55418234,-66.37822679,43.54607805,-66.37819396,43.55013568,-66.37818675,"13.0.388.45006",20230628, 11:38:37.5500,"Y:\Acoustic Index Review Files\EV_File Versions\Version_2022-11-04\2020\German Bank\2020-10-25\LM_Oct25_2020_AD2.EV",0.00000016053973,73.197784,38.000000,""
1,"LM_T01","Transect",2015,8,1,39.686519,10.799530,1620,1749,6486.191799,7402.346099,20201025, 19:37:06.7380,20201025, 19:40:20.2380,43.54601872,-66.37819520,43.53792805,-66.37819500,43.54201200,-66.37821500,"13.0.388.45006",20230628, 11:38:37.5500,"Y:\Acoustic Index Review Files\EV_File Versions\Version_2022-11-04\2020\German Bank\2020-10-25\LM_Oct25_2020_AD2.EV",0.00000025056075,73.411938,38.000000,""
1,"LM_T01","Transect",2015,9,1,39.662611,6.684596,1750,1879,7408.932212,8332.146417,20201025, 19:40:21.7380,20201025, 19:43:35.2380,43.53786877,-66.37819500,43.52974575,-66.37820000,43.53382072,-66.37816821,"13.0.388.45006",20230628, 11:38:37.5500,"Y:\Acoustic Index Review Files\EV_File Versions\Version_2022-11-04\2020\German Bank\2020-10-25\LM_Oct25_2020_AD2.EV",0.00000015508984,73.312984,38.000000,""
1,"LM_T01","Transect",2015,10,1,33.101398,3.039526,1880,2010,8338.659069,9256.044278,20201025, 19:43:36.7380,20201025, 19:46:51.7380,43.52968715,-66.37820162,43.52159386,-66.37819833,43.52566742,-66.37815500,"13.0.388.45006",20230628, 11:38:37.5500,"Y:\Acoustic Index Review Files\EV_File Versions\Version_2022-11-04\2020\German Bank\2020-10-25\LM_Oct25_2020_AD2.EV",0.00000007052027,60.063756,38.000000,""
1,"LM_T01","Transect",2015,11,1,30.470819,2.165413,2011,2140,9262.827620,10178.958701,20201025, 19:46:53.2380,20201025, 19:50:06.7380,43.52153282,-66.37819937,43.51344808,-66.37815362,43.51750677,-66.37817333,"13.0.388.45006",20230628, 11:38:37.5500,"Y:\Acoustic Index Review Files\EV_File Versions\Version_2022-11-04\2020\German Bank\2020-10-25\LM_Oct25_2020_AD2.EV",0.00000005023991,54.947446,38.000000,""
1,"LM_T01","Transect",2015,12,1,29.750977,2514.292594,2141,2273,10186.841092,11107.256424,20201025, 19:50:08.2380,20201025, 19:53:26.2380,43.51337748,-66.37816318,43.50523126,-66.37817455,43.50928894,-66.37821227,"13.0.388.45006",20230628, 11:38:37.5500,"Y:\Acoustic Index Review Files\EV_File Versions\Version_2022-11-04\2020\German Bank\2020-10-25\LM_Oct25_2020_AD2.EV",0.00005833429881,53.510256,38.000000,""
1,"LM_T01","Transect",2015,13,1,29.191775,19.574010,2274,2405,11113.339709,12035.647597,20201025, 19:53:27.7380,20201025, 19:56:44.2380,43.50517656,-66.37817167,43.49705500,-66.37816561,43.50113622,-66.37816485,"13.0.388.45006",20230628, 11:38:37.5500,"Y:\Acoustic Index Review Files\EV_File Versions\Version_2022-11-04\2020\German Bank\2020-10-25\LM_Oct25_2020_AD2.EV",0.00000045413813,52.405818,38.000000,""
1,"LM_T01","Transect",2015,14,1,30.848856,13.226607,2406,2538,12041.970610,12957.222604,20201025, 19:56:45.7380,20201025, 20:00:03.7380,43.49699817,-66.37816152,43.48895430,-66.37821646,43.49292158,-66.37817124,"13.0.388.45006",20230628, 11:38:37.5500,"Y:\Acoustic Index Review Files\EV_File Versions\Version_2022-11-04\2020\German Bank\2020-10-25\LM_Oct25_2020_AD2.EV",0.00000030687155,55.681443,38.000000,""
1,"LM_T01","Transect",2015,15,1,31.007207,4.178082,2539,2677,12964.034824,13889.236852,20201025, 20:00:05.2380,20201025, 20:03:32.2380,43.48889326,-66.37820897,43.48077546,-66.37818310,43.48479342,-66.37820146,"13.0.388.45006",20230628, 11:38:37.5500,"Y:\Acoustic Index Review Files\EV_File Versions\Version_2022-11-04\2020\German Bank\2020-10-25\LM_Oct25_2020_AD2.EV",0.00000009693601,55.873381,38.000000,""
1,"LM_T01","Transect",2015,16,1,30.210873,8.784049,2678,2816,13895.723842,14810.171107,20201025, 20:03:33.7380,20201025, 20:07:00.7380,43.48071926,-66.37818188,43.47269254,-66.37818990,43.47669993,-66.37819949,"13.0.388.45006",20230628, 11:38:37.5500,"Y:\Acoustic Index Review Files\EV_File Versions\Version_2022-11-04\2020\German Bank\2020-10-25\LM_Oct25_2020_AD2.EV",0.00000020379940,54.439597,38.000000,""
1,"LM_T01","Transect",2015,17,1,29.954672,4.020954,2817,2957,14817.721891,15736.649061,20201025, 20:07:02.2380,20201025, 20:10:32.2380,43.47262775,-66.37820686,43.46450088,-66.37814057,43.46858217,-66.37816391,"13.0.388.45006",20230628, 11:38:37.5500,"Y:\Acoustic Index Review Files\EV_File Versions\Version_2022-11-04\2020\German Bank\2020-10-25\LM_Oct25_2020_AD2.EV",0.00000009329046,53.821276,38.000000,""
1,"LM_T01","Transect",2015,18,1,32.613639,7.600704,2958,3094,15743.452832,16665.108983,20201025, 20:10:33.7380,20201025, 20:13:57.7380,43.46444412,-66.37816645,43.45631822,-66.37819833,43.46039757,-66.37819957,"13.0.388.45006",20230628, 11:38:37.5500,"Y:\Acoustic Index Review Files\EV_File Versions\Version_2022-11-04\2020\German Bank\2020-10-25\LM_Oct25_2020_AD2.EV",0.00000017634453,59.183649,38.000000,""
1,"LM_T01","Transect",2015,19,1,29.863678,6.305271,3095,3233,16672.529816,17593.540184,20201025, 20:13:59.2380,20201025, 20:17:26.2380,43.45625143,-66.37819833,43.44820289,-66.37818133,43.45220515,-66.37819762,"13.0.388.45006",20230628, 11:38:37.5500,"Y:\Acoustic Index Review Files\EV_File Versions\Version_2022-11-04\2020\German Bank\2020-10-25\LM_Oct25_2020_AD2.EV",0.00000014628909,53.748950,38.000000,""
1,"LM_T01","Transect",2015,20,1,31.866707,5.792282,3234,3372,17600.166776,18518.110797,20201025, 20:17:27.7380,20201025, 20:20:54.7380,43.44814506,-66.37817333,43.44010173,-66.37821652,43.44412015,-66.37817446,"13.0.388.45006",20230628, 11:38:37.5500,"Y:\Acoustic Index Review Files\EV_File Versions\Version_2022-11-04\2020\German Bank\2020-10-25\LM_Oct25_2020_AD2.EV",0.00000013438719,57.724316,38.000000,""
1,"LM_T01","Transect",2015,21,1,34.652693,11.227632,3373,3510,18524.894671,19440.023699,20201025, 20:20:56.2380,20201025, 20:24:21.7380,43.44004069,-66.37821500,43.43206173,-66.37817972,43.43610848,-66.37816167,"13.0.388.45006",20230628, 11:38:37.5500,"Y:\Acoustic Index Review Files\EV_File Versions\Version_2022-11-04\2020\German Bank\2020-10-25\LM_Oct25_2020_AD2.EV",0.00000026049317,63.084522,38.000000,""
1,"LM_T01","Transect",2015,22,1,33.179719,12.803656,3511,3649,19446.819213,20368.185143,20201025, 20:24:23.2380,20201025, 20:27:50.2380,43.43200069,-66.37817893,43.42393001,-66.37818500,43.42796588,-66.37817184,"13.0.388.45006",20230628, 11:38:37.5500,"Y:\Acoustic Index Review Files\EV_File Versions\Version_2022-11-04\2020\German Bank\2020-10-25\LM_Oct25_2020_AD2.EV",0.00000029705862,60.225842,38.000000,""
1,"LM_T01","Transect",2015,23,1,28.489963,12.968128,3650,3788,20374.201927,21292.750613,20201025, 20:27:51.7380,20201025, 20:31:18.7380,43.42387588,-66.37818299,43.41583088,-66.37818966,43.41986385,-66.37819747,"13.0.388.45006",20230628, 11:38:37.5500,"Y:\Acoustic Index Review Files\EV_File Versions\Version_2022-11-04\2020\German Bank\2020-10-25\LM_Oct25_2020_AD2.EV",0.00000030087454,50.841324,38.000000,""
1,"LM_T01","Transect",2015,24,1,27.822586,14.368799,3789,3926,21300.180375,22221.293783,20201025, 20:31:20.2380,20201025, 20:34:45.7380,43.41576718,-66.37820521,43.40776289,-66.37817034,43.41180885,-66.37816414,"13.0.388.45006",20230628, 11:38:37.5500,"Y:\Acoustic Index Review Files\EV_File Versions\Version_2022-11-04\2020\German Bank\2020-10-25\LM_Oct25_2020_AD2.EV",0.00000033337162,49.318956,38.000000,""
1,"LM_T01","Transect",2015,25,1,33.497341,11.000644,3927,4066,22227.930962,23149.356413,20201025, 20:34:47.2380,20201025, 20:38:15.7380,43.40770334,-66.37817681,43.39954237,-66.37815667,43.40365789,-66.37817385,"13.0.388.45006",20230628, 11:38:37.5500,"Y:\Acoustic Index Review Files\EV_File Versions\Version_2022-11-04\2020\German Bank\2020-10-25\LM_Oct25_2020_AD2.EV",0.00000025522679,60.976457,38.000000,""
1,"LM_T01","Transect",2015,26,1,31.844833,19.027629,4067,4204,23156.604929,24068.131458,20201025, 20:38:17.2380,20201025, 20:41:42.7380,43.39947718,-66.37815898,43.39145471,-66.37819780,43.39549834,-66.37818152,"13.0.388.45006",20230628, 11:38:37.5500,"Y:\Acoustic Index Review Files\EV_File Versions\Version_2022-11-04\2020\German Bank\2020-10-25\LM_Oct25_2020_AD2.EV",0.00000044146150,57.670956,38.000000,""
1,"LM_T01","Transect",2015,27,1,28.925256,4.135006,4205,4341,24076.229783,24997.768819,20201025, 20:41:44.2380,20201025, 20:45:08.2380,43.39138690,-66.37817119,43.38327428,-66.37815833,43.38733690,-66.37817929,"13.0.388.45006",20230628, 11:38:37.5500,"Y:\Acoustic Index Review Files\EV_File Versions\Version_2022-11-04\2020\German Bank\2020-10-25\LM_Oct25_2020_AD2.EV",0.00000009593660,51.873635,38.000000,""
1,"LM_T01","Transect",2015,28,1,27.294404,3.726358,4342,4478,25003.890402,25920.741962,20201025, 20:45:09.7380,20201025, 20:48:33.7380,43.38321992,-66.37815866,43.37509993,-66.37819749,43.37916512,-66.37819646,"13.0.388.45006",20230628, 11:38:37.5500,"Y:\Acoustic Index Review Files\EV_File Versions\Version_2022-11-04\2020\German Bank\2020-10-25\LM_Oct25_2020_AD2.EV",0.00000008645553,48.605431,38.000000,""
1,"LM_T01","Transect",2015,29,1,28.788230,4.186339,4479,4613,25928.043014,26849.224164,20201025, 20:48:35.2380,20201025, 20:51:56.2380,43.37503743,-66.37820965,43.36693210,-66.37820070,43.37098658,-66.37818313,"13.0.388.45006",20230628, 11:38:37.5500,"Y:\Acoustic Index Review Files\EV_File Versions\Version_2022-11-04\2020\German Bank\2020-10-25\LM_Oct25_2020_AD2.EV",0.00000009712757,51.551289,38.000000,""
1,"LM_T01","Transect",2015,30,1,28.542482,8.264187,4614,4747,26855.514026,27773.713747,20201025, 20:51:57.7380,20201025, 20:55:17.2380,43.36687550,-66.37820147,43.35872837,-66.37817000,43.36287305,-66.37817500,"13.0.388.45006",20230628, 11:38:37.5500,"Y:\Acoustic Index Review Files\EV_File Versions\Version_2022-11-04\2020\German Bank\2020-10-25\LM_Oct25_2020_AD2.EV",0.00000019173805,50.996060,38.000000,""
1,"LM_T01","Transect",2015,31,1,30.887684,10.465872,4748,4885,27780.076184,28700.360331,20201025, 20:55:18.7380,20201025, 20:58:44.2380,43.35867117,-66.37817333,43.35058943,-66.37817414,43.35460731,-66.37815525,"13.0.388.45006",20230628, 11:38:37.5500,"Y:\Acoustic Index Review Files\EV_File Versions\Version_2022-11-04\2020\German Bank\2020-10-25\LM_Oct25_2020_AD2.EV",0.00000024281951,55.741217,38.000000,""
1,"LM_T01","Transect",2015,32,1,32.148620,31.441730,4886,5023,28706.283944,29631.465888,20201025, 20:58:45.7380,20201025, 21:02:11.2380,43.35053615,-66.37817667,43.34238238,-66.37818167,43.34649231,-66.37813858,"13.0.388.45006",20230628, 11:38:37.5500,"Y:\Acoustic Index Review Files\EV_File Versions\Version_2022-11-04\2020\German Bank\2020-10-25\LM_Oct25_2020_AD2.EV",0.00000072948204,58.309565,38.000000,""
1,"LM_T01","Transect",2015,33,1,31.407858,12.653336,5024,5156,29638.167252,30552.083350,20201025, 21:02:12.7380,20201025, 21:05:30.7380,43.34232206,-66.37818142,43.33427107,-66.37818310,43.33828706,-66.37817858,"13.0.388.45006",20230628, 11:38:37.5500,"Y:\Acoustic Index Review Files\EV_File Versions\Version_2022-11-04\2020\German Bank\2020-10-25\LM_Oct25_2020_AD2.EV",0.00000029357105,56.847880,38.000000,""
1,"LM_T01","Transect",2015,34,1,31.137489,6.451590,5157,5289,30559.170916,31477.784838,20201025, 21:05:32.2380,20201025, 21:08:50.2380,43.33420734,-66.37818411,43.32607195,-66.37818667,43.33013614,-66.37821210,"13.0.388.45006",20230628, 11:38:37.5500,"Y:\Acoustic Index Review Files\EV_File Versions\Version_2022-11-04\2020\German Bank\2020-10-25\LM_Oct25_2020_AD2.EV",0.00000014968384,56.289203,38.000000,""
1,"LM_T01","Transect",2015,35,1,28.466922,5.427056,5290,5418,31484.192458,32407.054586,20201025, 21:08:51.7380,20201025, 21:12:03.7380,43.32601515,-66.37819143,43.31790393,-66.37817476,43.32196083,-66.37817380,"13.0.388.45006",20230628, 11:38:37.5500,"Y:\Acoustic Index Review Files\EV_File Versions\Version_2022-11-04\2020\German Bank\2020-10-25\LM_Oct25_2020_AD2.EV",0.00000012591355,50.737116,38.000000,""
1,"LM_T01","Transect",2015,36,1,29.332371,7.526291,5419,5547,32414.433590,33329.463718,20201025, 21:12:05.2380,20201025, 21:15:17.2380,43.31783758,-66.37817087,43.30977184,-66.37816000,43.31379350,-66.37817671,"13.0.388.45006",20230628, 11:38:37.5500,"Y:\Acoustic Index Review Files\EV_File Versions\Version_2022-11-04\2020\German Bank\2020-10-25\LM_Oct25_2020_AD2.EV",0.00000017461806,52.648186,38.000000,""
1,"LM_T01","Transect",2015,37,1,30.058410,8.247741,5548,5682,33336.167936,34258.779885,20201025, 21:15:18.7380,20201025, 21:18:39.7380,43.30971152,-66.37815779,43.30150679,-66.37817500,43.30557436,-66.37819333,"13.0.388.45006",20230628, 11:38:37.5500,"Y:\Acoustic Index Review Files\EV_File Versions\Version_2022-11-04\2020\German Bank\2020-10-25\LM_Oct25_2020_AD2.EV",0.00000019135649,54.138311,38.000000,""
1,"LM_T01","Transect",2015,38,1,30.421598,17.345522,5683,5815,34265.858053,35186.614407,20201025, 21:18:41.2380,20201025, 21:21:59.2380,43.30144310,-66.37817374,43.29336895,-66.37816293,43.29738391,-66.37819626,"13.0.388.45006",20230628, 11:38:37.5500,"Y:\Acoustic Index Review Files\EV_File Versions\Version_2022-11-04\2020\German Bank\2020-10-25\LM_Oct25_2020_AD2.EV",0.00000040243481,54.694015,38.000000,""
1,"LM_T01","Transect",2015,39,1,30.763798,21.119566,5816,5954,35192.283625,36107.126784,20201025, 21:22:00.7380,20201025, 21:25:27.7380,43.29331900,-66.37816370,43.28525179,-66.37819184,43.28931143,-66.37819752,"13.0.388.45006",20230628, 11:38:37.5500,"Y:\Acoustic Index Review Files\EV_File Versions\Version_2022-11-04\2020\German Bank\2020-10-25\LM_Oct25_2020_AD2.EV",0.00000048999669,55.278043,38.000000,""
1,"LM_T01","Transect",2015,40,1,32.853962,13.314615,5955,6091,36114.702548,37035.641675,20201025, 21:25:29.2380,20201025, 21:28:53.2380,43.28518880,-66.37821833,43.27705476,-66.37820038,43.28114030,-66.37818704,"13.0.388.45006",20230628, 11:38:37.5500,"Y:\Acoustic Index Review Files\EV_File Versions\Version_2022-11-04\2020\German Bank\2020-10-25\LM_Oct25_2020_AD2.EV",0.00000030891343,59.667153,38.000000,""
1,"LM_T01","Transect",2015,41,1,31.842238,11.746355,6092,6227,37042.281570,37964.964852,20201025, 21:28:54.7380,20201025, 21:32:17.2380,43.27699603,-66.37819619,43.26889011,-66.37813927,43.27301086,-66.37823000,"13.0.388.45006",20230628, 11:38:37.5500,"Y:\Acoustic Index Review Files\EV_File Versions\Version_2022-11-04\2020\German Bank\2020-10-25\LM_Oct25_2020_AD2.EV",0.00000027252810,57.640941,38.000000,""
1,"LM_T01","Transect",2015,42,1,33.048498,178.927312,6228,6361,37970.778783,38889.679498,20201025, 21:32:18.7380,20201025, 21:35:38.2380,43.26883782,-66.37814135,43.26072105,-66.37821833,43.26482437,-66.37821106,"13.0.388.45006",20230628, 11:38:37.5500,"Y:\Acoustic Index Review Files\EV_File Versions\Version_2022-11-04\2020\German Bank\2020-10-25\LM_Oct25_2020_AD2.EV",0.00000415130653,60.034388,38.000000,""
1,"LM_T01","Transect",2015,43,1,34.135130,31.220702,6362,6491,38895.864919,39815.553757,20201025, 21:35:39.7380,20201025, 21:38:53.2380,43.26066538,-66.37821802,43.25252839,-66.37817867,43.25666739,-66.37819514,"13.0.388.45006",20230628, 11:38:37.5500,"Y:\Acoustic Index Review Files\EV_File Versions\Version_2022-11-04\2020\German Bank\2020-10-25\LM_Oct25_2020_AD2.EV",0.00000072435393,62.160738,38.000000,""
1,"LM_T01","Transect",2015,44,1,37.219594,25.223987,6492,6619,39822.013363,40737.744440,20201025, 21:38:54.7380,20201025, 21:42:05.2380,43.25247175,-66.37817584,43.24440906,-66.37819529,43.24846061,-66.37819362,"13.0.388.45006",20230628, 11:38:37.5500,"Y:\Acoustic Index Review Files\EV_File Versions\Version_2022-11-04\2020\German Bank\2020-10-25\LM_Oct25_2020_AD2.EV",0.00000058522369,68.274000,38.000000,""
1,"LM_T01","Transect",2015,45,1,33.004866,14.792528,6620,6750,40744.923770,41664.331331,20201025, 21:42:06.7380,20201025, 21:45:21.7380,43.24434572,-66.37819632,43.23617865,-66.37815333,43.24027539,-66.37819867,"13.0.388.45006",20230628, 11:38:37.5500,"Y:\Acoustic Index Review Files\EV_File Versions\Version_2022-11-04\2020\German Bank\2020-10-25\LM_Oct25_2020_AD2.EV",0.00000034320261,59.989007,38.000000,""
1,"LM_T01","Transect",2015,46,1,31.893847,7.928707,6751,6808,41671.572042,42113.686608,20201025, 21:45:23.2380,20201025, 21:46:48.7380,43.23611360,-66.37815730,43.23222564,-66.37824800,43.23423797,-66.37821167,"13.0.388.45006",20230628, 11:38:37.5500,"Y:\Acoustic Index Review Files\EV_File Versions\Version_2022-11-04\2020\German Bank\2020-10-25\LM_Oct25_2020_AD2.EV",0.00000018395455,57.633103,38.000000,""
2,"LM_T02","Transect",2015,59,1,45.756641,0.000000,8249,8375,53740.046701,54630.676955,20201025, 22:22:50.2380,20201025, 22:25:59.2380,43.23126436,-66.23796323,43.23866937,-66.23978172,43.23484963,-66.23977129,"13.0.388.45006",20230628, 11:38:37.5500,"Y:\Acoustic Index Review Files\EV_File Versions\Version_2022-11-04\2020\German Bank\2020-10-25\LM_Oct25_2020_AD2.EV",0.00000000000000,85.536756,38.000000,""
2,"LM_T02","Transect",2015,60,1,45.512488,0.000000,8376,8518,54636.974549,55558.395890,20201025, 22:26:00.7380,20201025, 22:29:33.7380,43.23872547,-66.23978375,43.24686991,-66.23995455,43.24300973,-66.23992477,"13.0.388.45006",20230628, 11:38:37.5500,"Y:\Acoustic Index Review Files\EV_File Versions\Version_2022-11-04\2020\German Bank\2020-10-25\LM_Oct25_2020_AD2.EV",0.00000000000000,85.006321,38.000000,""
2,"LM_T02","Transect",2015,61,1,45.941389,0.000000,8519,8658,55565.799403,56479.593219,20201025, 22:29:35.2380,20201025, 22:33:03.7380,43.24693117,-66.23998065,43.25499292,-66.23998833,43.25083869,-66.24000000,"13.0.388.45006",20230628, 11:38:37.5500,"Y:\Acoustic Index Review Files\EV_File Versions\Version_2022-11-04\2020\German Bank\2020-10-25\LM_Oct25_2020_AD2.EV",0.00000000000000,85.806171,38.000000,""
2,"LM_T02","Transect",2015,62,1,44.908291,0.000000,8659,8803,56486.966337,57411.313442,20201025, 22:33:05.2380,20201025, 22:36:41.2380,43.25505927,-66.23998977,43.26318013,-66.23997456,43.25900927,-66.24001500,"13.0.388.45006",20230628, 11:38:37.5500,"Y:\Acoustic Index Review Files\EV_File Versions\Version_2022-11-04\2020\German Bank\2020-10-25\LM_Oct25_2020_AD2.EV",0.00000000000000,83.316083,38.000000,""
2,"LM_T02","Transect",2015,63,1,44.851255,0.000000,8804,8949,57417.319793,58335.938745,20201025, 22:36:42.7380,20201025, 22:40:20.2380,43.26323416,-66.23997408,43.27135640,-66.23998356,43.26709324,-66.23997047,"13.0.388.45006",20230628, 11:38:37.5500,"Y:\Acoustic Index Review Files\EV_File Versions\Version_2022-11-04\2020\German Bank\2020-10-25\LM_Oct25_2020_AD2.EV",0.00000000000000,83.471342,38.000000,""
2,"LM_T02","Transect",2015,64,1,46.335308,0.000000,8950,9095,58342.173062,59260.127494,20201025, 22:40:21.7380,20201025, 22:43:59.2380,43.27141247,-66.23998077,43.27946773,-66.24000354,43.27544158,-66.23999572,"13.0.388.45006",20230628, 11:38:37.5500,"Y:\Acoustic Index Review Files\EV_File Versions\Version_2022-11-04\2020\German Bank\2020-10-25\LM_Oct25_2020_AD2.EV",0.00000000000000,86.686685,38.000000,""
2,"LM_T02","Transect",2015,65,1,41.576882,0.000000,9096,9237,59266.889077,60185.429237,20201025, 22:44:00.7380,20201025, 22:47:32.2380,43.27952274,-66.24003239,43.28765690,-66.24001687,43.28352944,-66.24001183,"13.0.388.45006",20230628, 11:38:37.5500,"Y:\Acoustic Index Review Files\EV_File Versions\Version_2022-11-04\2020\German Bank\2020-10-25\LM_Oct25_2020_AD2.EV",0.00000000000000,76.954141,38.000000,""
2,"LM_T02","Transect",2015,66,1,34.335979,0.000000,9238,9381,60191.581378,61111.352013,20201025, 22:47:33.7380,20201025, 22:51:08.2380,43.28771227,-66.24001667,43.29580078,-66.24000535,43.29177148,-66.23999646,"13.0.388.45006",20230628, 11:38:37.5500,"Y:\Acoustic Index Review Files\EV_File Versions\Version_2022-11-04\2020\German Bank\2020-10-25\LM_Oct25_2020_AD2.EV",0.00000000000000,62.600000,38.000000,""
2,"LM_T02","Transect",2015,67,1,34.406495,0.000000,9382,9518,61117.369579,62041.380296,20201025, 22:51:09.7380,20201025, 22:54:33.7380,43.29585492,-66.24000601,43.30404209,-66.23999167,43.29987042,-66.23998783,"13.0.388.45006",20230628, 11:38:37.5500,"Y:\Acoustic Index Review Files\EV_File Versions\Version_2022-11-04\2020\German Bank\2020-10-25\LM_Oct25_2020_AD2.EV",0.00000000000000,62.762978,38.000000,""
2,"LM_T02","Transect",2015,68,1,37.797203,0.000000,9519,9651,62048.456912,62964.881125,20201025, 22:54:35.2380,20201025, 22:57:53.2380,43.30410578,-66.23999167,43.31218025,-66.24000518,43.30813578,-66.24002000,"13.0.388.45006",20230628, 11:38:37.5500,"Y:\Acoustic Index Review Files\EV_File Versions\Version_2022-11-04\2020\German Bank\2020-10-25\LM_Oct25_2020_AD2.EV",0.00000000000000,69.238376,38.000000,""
2,"LM_T02","Transect",2015,69,1,40.590199,0.000000,9652,9787,62971.197804,63887.784392,20201025, 22:57:54.7380,20201025, 23:01:17.2380,43.31223709,-66.24000384,43.32041747,-66.23999683,43.31634429,-66.23999982,"13.0.388.45006",20230628, 11:38:37.5500,"Y:\Acoustic Index Review Files\EV_File Versions\Version_2022-11-04\2020\German Bank\2020-10-25\LM_Oct25_2020_AD2.EV",0.00000000000000,75.040941,38.000000,""
2,"LM_T02","Transect",2015,70,1,41.034529,0.000000,9788,9930,63894.063057,64814.009415,20201025, 23:01:18.7380,20201025, 23:04:51.7380,43.32047394,-66.23999398,43.32862792,-66.24000167,43.32463930,-66.23999833,"13.0.388.45006",20230628, 11:38:37.5500,"Y:\Acoustic Index Review Files\EV_File Versions\Version_2022-11-04\2020\German Bank\2020-10-25\LM_Oct25_2020_AD2.EV",0.00000000000000,75.932643,38.000000,""
2,"LM_T02","Transect",2015,71,1,37.625609,0.000000,9931,10069,64820.496341,65740.514940,20201025, 23:04:53.2380,20201025, 23:08:20.2380,43.32868631,-66.24000167,43.33682196,-66.23999317,43.33271727,-66.24001282,"13.0.388.45006",20230628, 11:38:37.5500,"Y:\Acoustic Index Review Files\EV_File Versions\Version_2022-11-04\2020\German Bank\2020-10-25\LM_Oct25_2020_AD2.EV",0.00000000000000,69.097899,38.000000,""
2,"LM_T02","Transect",2015,72,1,43.303202,0.000000,10070,10207,65746.807571,66669.242545,20201025, 23:08:21.7380,20201025, 23:11:47.2380,43.33687850,-66.23999563,43.34501568,-66.24001516,43.34083637,-66.24001112,"13.0.388.45006",20230628, 11:38:37.5500,"Y:\Acoustic Index Review Files\EV_File Versions\Version_2022-11-04\2020\German Bank\2020-10-25\LM_Oct25_2020_AD2.EV",0.00000000000000,80.023652,38.000000,""
2,"LM_T02","Transect",2015,73,1,43.966186,0.000000,10208,10345,66675.560152,67595.479313,20201025, 23:11:48.7380,20201025, 23:15:14.2380,43.34507246,-66.24001781,43.35325371,-66.23997987,43.34915798,-66.23999602,"13.0.388.45006",20230628, 11:38:37.5500,"Y:\Acoustic Index Review Files\EV_File Versions\Version_2022-11-04\2020\German Bank\2020-10-25\LM_Oct25_2020_AD2.EV",0.00000000000000,81.732174,38.000000,""
2,"LM_T02","Transect",2015,74,1,42.065369,0.000000,10346,10488,67601.171873,68522.338664,20201025, 23:15:15.7380,20201025, 23:18:48.7380,43.35330490,-66.23997723,43.36148861,-66.23995554,43.35732538,-66.23997013,"13.0.388.45006",20230628, 11:38:37.5500,"Y:\Acoustic Index Review Files\EV_File Versions\Version_2022-11-04\2020\German Bank\2020-10-25\LM_Oct25_2020_AD2.EV",0.00000000000000,77.935888,38.000000,""
2,"LM_T02","Transect",2015,75,1,44.937337,21.484532,10489,10627,68528.489343,69448.126871,20201025, 23:18:50.2380,20201025, 23:22:17.2380,43.36154394,-66.23995820,43.36971900,-66.23997344,43.36560974,-66.23998779,"13.0.388.45006",20230628, 11:38:37.5500,"Y:\Acoustic Index Review Files\EV_File Versions\Version_2022-11-04\2020\German Bank\2020-10-25\LM_Oct25_2020_AD2.EV",0.00000049846431,83.735482,38.000000,""
2,"LM_T02","Transect",2015,76,1,41.506133,0.000000,10628,10768,69453.959506,70370.220829,20201025, 23:22:18.7380,20201025, 23:25:48.7380,43.36977147,-66.23997448,43.37788686,-66.23999613,43.37384595,-66.24000833,"13.0.388.45006",20230628, 11:38:37.5500,"Y:\Acoustic Index Review Files\EV_File Versions\Version_2022-11-04\2020\German Bank\2020-10-25\LM_Oct25_2020_AD2.EV",0.00000000000000,76.855830,38.000000,""
2,"LM_T02","Transect",2015,77,1,44.573591,0.000000,10769,10909,70376.936471,71297.572577,20201025, 23:25:50.2380,20201025, 23:29:20.2380,43.37794725,-66.23999833,43.38607759,-66.23997010,43.38204915,-66.23997010,"13.0.388.45006",20230628, 11:38:37.5500,"Y:\Acoustic Index Review Files\EV_File Versions\Version_2022-11-04\2020\German Bank\2020-10-25\LM_Oct25_2020_AD2.EV",0.00000000000000,83.148255,38.000000,""
2,"LM_T02","Transect",2015,78,1,44.521827,0.000000,10910,11050,71302.760027,72223.313584,20201025, 23:29:21.7380,20201025, 23:32:51.7380,43.38612428,-66.23997000,43.39427348,-66.24001215,43.39017084,-66.23997941,"13.0.388.45006",20230628, 11:38:37.5500,"Y:\Acoustic Index Review Files\EV_File Versions\Version_2022-11-04\2020\German Bank\2020-10-25\LM_Oct25_2020_AD2.EV",0.00000000000000,82.964425,38.000000,""
2,"LM_T02","Transect",2015,79,1,38.400652,12.609580,11051,11193,72230.270768,73153.924446,20201025, 23:32:53.2380,20201025, 23:36:26.2380,43.39433602,-66.24000842,43.40250296,-66.23997327,43.39835250,-66.23999333,"13.0.388.45006",20230628, 11:38:37.5500,"Y:\Acoustic Index Review Files\EV_File Versions\Version_2022-11-04\2020\German Bank\2020-10-25\LM_Oct25_2020_AD2.EV",0.00000029255585,70.359273,38.000000,""
2,"LM_T02","Transect",2015,80,1,31.615863,13.629133,11194,11339,73160.075126,74075.423072,20201025, 23:36:27.7380,20201025, 23:40:05.2380,43.40255799,-66.23997000,43.41071192,-66.23999500,43.40659364,-66.23999272,"13.0.388.45006",20230628, 11:38:37.5500,"Y:\Acoustic Index Review Files\EV_File Versions\Version_2022-11-04\2020\German Bank\2020-10-25\LM_Oct25_2020_AD2.EV",0.00000031621058,57.043726,38.000000,""
2,"LM_T02","Transect",2015,81,1,31.056039,17.500066,11340,11487,74080.733536,75000.222844,20201025, 23:40:06.7380,20201025, 23:43:47.2380,43.41075969,-66.23999605,43.41891026,-66.23997007,43.41484653,-66.24000000,"13.0.388.45006",20230628, 11:38:37.5500,"Y:\Acoustic Index Review Files\EV_File Versions\Version_2022-11-04\2020\German Bank\2020-10-25\LM_Oct25_2020_AD2.EV",0.00000040602040,55.979676,38.000000,""
2,"LM_T02","Transect",2015,82,1,34.285196,37.283775,11488,11633,75006.597750,75930.212137,20201025, 23:43:48.7380,20201025, 23:47:26.2380,43.41896136,-66.23999939,43.42713686,-66.24001487,43.42300347,-66.24000439,"13.0.388.45006",20230628, 11:38:37.5500,"Y:\Acoustic Index Review Files\EV_File Versions\Version_2022-11-04\2020\German Bank\2020-10-25\LM_Oct25_2020_AD2.EV",0.00000086502378,62.598575,38.000000,""
2,"LM_T02","Transect",2015,83,1,32.779526,32.653256,11634,11780,75936.387758,76854.940817,20201025, 23:47:27.7380,20201025, 23:51:06.7380,43.42719241,-66.24001272,43.43532030,-66.24001439,43.43132519,-66.23998954,"13.0.388.45006",20230628, 11:38:37.5500,"Y:\Acoustic Index Review Files\EV_File Versions\Version_2022-11-04\2020\German Bank\2020-10-25\LM_Oct25_2020_AD2.EV",0.00000075759073,59.570939,38.000000,""
2,"LM_T02","Transect",2015,84,1,34.903477,32.565852,11781,11929,76861.605115,77783.627272,20201025, 23:51:08.2380,20201025, 23:54:50.2380,43.43538026,-66.24001493,43.44358103,-66.23999667,43.43949771,-66.23997217,"13.0.388.45006",20230628, 11:38:37.5500,"Y:\Acoustic Index Review Files\EV_File Versions\Version_2022-11-04\2020\German Bank\2020-10-25\LM_Oct25_2020_AD2.EV",0.00000075556288,63.716939,38.000000,""
2,"LM_T02","Transect",2015,85,1,33.644545,24.296125,11930,12072,77789.673785,78703.599265,20201025, 23:54:51.7380,20201025, 23:58:24.7380,43.44363545,-66.23999667,43.45171183,-66.24001000,43.44768915,-66.23999337,"13.0.388.45006",20230628, 11:38:37.5500,"Y:\Acoustic Index Review Files\EV_File Versions\Version_2022-11-04\2020\German Bank\2020-10-25\LM_Oct25_2020_AD2.EV",0.00000056369630,61.252028,38.000000,""
2,"LM_T02","Transect",2015,86,1,33.033849,17.790510,12073,12217,78710.714173,79634.750402,20201025, 23:58:26.2380,20201026, 00:02:02.2380,43.45177580,-66.24000674,43.45992248,-66.24000667,43.45584585,-66.24001167,"13.0.388.45006",20230628, 11:38:37.5500,"Y:\Acoustic Index Review Files\EV_File Versions\Version_2022-11-04\2020\German Bank\2020-10-25\LM_Oct25_2020_AD2.EV",0.00000041275902,60.090703,38.000000,""
2,"LM_T02","Transect",2015,87,1,31.075362,8.622654,12218,12360,79641.348831,80557.140560,20201026, 00:02:03.7380,20201026, 00:05:36.7380,43.45997685,-66.24003436,43.46808852,-66.23998898,43.46399585,-66.23999340,"13.0.388.45006",20230628, 11:38:37.5500,"Y:\Acoustic Index Review Files\EV_File Versions\Version_2022-11-04\2020\German Bank\2020-10-25\LM_Oct25_2020_AD2.EV",0.00000020005488,56.170070,38.000000,""
2,"LM_T02","Transect",2015,88,1,29.707699,8.434771,12361,12501,80563.515433,81483.076749,20201026, 00:05:38.2380,20201026, 00:09:08.2380,43.46814588,-66.23999000,43.47626333,-66.24001833,43.47218088,-66.23998996,"13.0.388.45006",20230628, 11:38:37.5500,"Y:\Acoustic Index Review Files\EV_File Versions\Version_2022-11-04\2020\German Bank\2020-10-25\LM_Oct25_2020_AD2.EV",0.00000019569578,53.388255,38.000000,""
2,"LM_T02","Transect",2015,89,1,27.575716,5.682718,12502,12645,81489.977677,82410.911625,20201026, 00:09:09.7380,20201026, 00:12:44.2380,43.47631928,-66.23998667,43.48457491,-66.24001667,43.48037500,-66.23997500,"13.0.388.45006",20230628, 11:38:37.5500,"Y:\Acoustic Index Review Files\EV_File Versions\Version_2022-11-04\2020\German Bank\2020-10-25\LM_Oct25_2020_AD2.EV",0.00000013184519,49.076000,38.000000,""
2,"LM_T02","Transect",2015,90,1,26.038639,6.285155,12646,12787,82417.091070,83338.461884,20201026, 00:12:45.7380,20201026, 00:16:17.2380,43.48463051,-66.24001833,43.49280991,-66.24001826,43.48867384,-66.24000833,"13.0.388.45006",20230628, 11:38:37.5500,"Y:\Acoustic Index Review Files\EV_File Versions\Version_2022-11-04\2020\German Bank\2020-10-25\LM_Oct25_2020_AD2.EV",0.00000014582236,46.092169,38.000000,""
2,"LM_T02","Transect",2015,91,1,29.621122,10.984145,12788,12930,83344.833551,84265.777039,20201026, 00:16:18.7380,20201026, 00:19:51.7380,43.49286717,-66.24001500,43.50105951,-66.23999099,43.49694158,-66.24001667,"13.0.388.45006",20230628, 11:38:37.5500,"Y:\Acoustic Index Review Files\EV_File Versions\Version_2022-11-04\2020\German Bank\2020-10-25\LM_Oct25_2020_AD2.EV",0.00000025484402,53.240391,38.000000,""
2,"LM_T02","Transect",2015,92,1,29.973734,14.592682,12931,13070,84272.858240,85189.080910,20201026, 00:19:53.2380,20201026, 00:23:21.7380,43.50112324,-66.23999000,43.50927402,-66.23997500,43.50515640,-66.24000000,"13.0.388.45006",20230628, 11:38:37.5500,"Y:\Acoustic Index Review Files\EV_File Versions\Version_2022-11-04\2020\German Bank\2020-10-25\LM_Oct25_2020_AD2.EV",0.00000033856595,53.961600,38.000000,""
2,"LM_T02","Transect",2015,93,1,28.416480,20.715517,13071,13212,85195.673290,86115.228835,20201026, 00:23:23.2380,20201026, 00:26:54.7380,43.50933333,-66.23997333,43.51751590,-66.23998667,43.51345000,-66.24000000,"13.0.388.45006",20230628, 11:38:37.5500,"Y:\Acoustic Index Review Files\EV_File Versions\Version_2022-11-04\2020\German Bank\2020-10-25\LM_Oct25_2020_AD2.EV",0.00000048062233,50.862422,38.000000,""
2,"LM_T02","Transect",2015,94,1,27.822253,21.847619,13213,13355,86122.690933,87040.507622,20201026, 00:26:56.2380,20201026, 00:30:29.2380,43.51757667,-66.24001833,43.52575333,-66.23998667,43.52171561,-66.24001167,"13.0.388.45006",20230628, 11:38:37.5500,"Y:\Acoustic Index Review Files\EV_File Versions\Version_2022-11-04\2020\German Bank\2020-10-25\LM_Oct25_2020_AD2.EV",0.00000050688832,49.678322,38.000000,""
2,"LM_T02","Transect",2015,95,1,27.684714,18.748913,13356,13498,87046.347549,87968.673784,20201026, 00:30:30.7380,20201026, 00:34:03.7380,43.52580590,-66.23998667,43.53393682,-66.24000644,43.52986000,-66.23999000,"13.0.388.45006",20230628, 11:38:37.5500,"Y:\Acoustic Index Review Files\EV_File Versions\Version_2022-11-04\2020\German Bank\2020-10-25\LM_Oct25_2020_AD2.EV",0.00000043499499,49.411133,38.000000,""
2,"LM_T02","Transect",2015,96,1,28.208558,21.018080,13499,13639,87975.513298,88891.726642,20201026, 00:34:05.2380,20201026, 00:37:35.2380,43.53399833,-66.24000833,43.54210667,-66.23997333,43.53802833,-66.24001667,"13.0.388.45006",20230628, 11:38:37.5500,"Y:\Acoustic Index Review Files\EV_File Versions\Version_2022-11-04\2020\German Bank\2020-10-25\LM_Oct25_2020_AD2.EV",0.00000048764211,50.453787,38.000000,""
2,"LM_T02","Transect",2015,97,1,27.745225,9.417223,13640,13780,88897.993500,89820.840434,20201026, 00:37:36.7380,20201026, 00:41:06.7380,43.54216305,-66.23997092,43.55036546,-66.24003167,43.54626546,-66.23996667,"13.0.388.45006",20230628, 11:38:37.5500,"Y:\Acoustic Index Review Files\EV_File Versions\Version_2022-11-04\2020\German Bank\2020-10-25\LM_Oct25_2020_AD2.EV",0.00000021848974,49.508766,38.000000,""
2,"LM_T02","Transect",2015,98,1,27.989477,6.807076,13781,13922,89827.458090,90743.557398,20201026, 00:41:08.2380,20201026, 00:44:39.7380,43.55042500,-66.24003333,43.55859971,-66.24001408,43.55449167,-66.24000667,"13.0.388.45006",20230628, 11:38:37.5500,"Y:\Acoustic Index Review Files\EV_File Versions\Version_2022-11-04\2020\German Bank\2020-10-25\LM_Oct25_2020_AD2.EV",0.00000015793150,49.994366,38.000000,""
2,"LM_T02","Transect",2015,99,1,28.458372,5.410330,13923,14063,90750.258918,91669.026310,20201026, 00:44:41.2380,20201026, 00:48:11.2380,43.55866000,-66.24001333,43.56683500,-66.24000167,43.56275167,-66.24004833,"13.0.388.45006",20230628, 11:38:37.5500,"Y:\Acoustic Index Review Files\EV_File Versions\Version_2022-11-04\2020\German Bank\2020-10-25\LM_Oct25_2020_AD2.EV",0.00000012552548,50.953532,38.000000,""
2,"LM_T02","Transect",2015,100,1,29.238777,0.104572,14064,14073,91675.372872,91734.589967,20201026, 00:48:12.7380,20201026, 00:48:26.2380,43.56689212,-66.24000167,43.56742500,-66.23999500,43.56712879,-66.23999926,"13.0.388.45006",20230628, 11:38:37.5500,"Y:\Acoustic Index Review Files\EV_File Versions\Version_2022-11-04\2020\German Bank\2020-10-25\LM_Oct25_2020_AD2.EV",0.00000000242618,52.492800,38.000000,""
3,"LM_T03","Transect",2015,117,1,19.239196,1.080160,15932,16020,107571.400139,108334.063089,20201026, 01:34:54.7380,20201026, 01:37:06.7380,43.49412486,-66.08371333,43.48737599,-66.08336000,43.49077918,-66.08338454,"13.0.388.45006",20230628, 11:38:37.5500,"Y:\Acoustic Index Review Files\EV_File Versions\Version_2022-11-04\2020\German Bank\2020-10-25\LM_Oct25_2020_AD2.EV",0.00000002506088,32.262472,38.000000,""
3,"LM_T03","Transect",2015,118,1,18.452418,8.360082,16021,16129,108342.692118,109265.247016,20201026, 01:37:08.2380,20201026, 01:39:50.2380,43.48729833,-66.08336167,43.47907667,-66.08334667,43.48310833,-66.08331000,"13.0.388.45006",20230628, 11:38:37.5500,"Y:\Acoustic Index Review Files\EV_File Versions\Version_2022-11-04\2020\German Bank\2020-10-25\LM_Oct25_2020_AD2.EV",0.00000019396291,30.476917,38.000000,""
3,"LM_T03","Transect",2015,119,1,10.324047,5.392744,16130,16241,109273.232797,110187.991829,20201026, 01:39:51.7380,20201026, 01:42:38.2380,43.47900486,-66.08335087,43.47085167,-66.08334167,43.47501167,-66.08335667,"13.0.388.45006",20230628, 11:38:37.5500,"Y:\Acoustic Index Review Files\EV_File Versions\Version_2022-11-04\2020\German Bank\2020-10-25\LM_Oct25_2020_AD2.EV",0.00000012511748,13.764000,38.000000,""
3,"LM_T03","Transect",2015,120,1,15.777631,11.040522,16242,16355,110196.155761,111117.488730,20201026, 01:42:39.7380,20201026, 01:45:29.2380,43.47077819,-66.08334080,43.46253167,-66.08332667,43.46669153,-66.08334087,"13.0.388.45006",20230628, 11:38:37.5500,"Y:\Acoustic Index Review Files\EV_File Versions\Version_2022-11-04\2020\German Bank\2020-10-25\LM_Oct25_2020_AD2.EV",0.00000025615201,25.278316,38.000000,""
3,"LM_T03","Transect",2015,121,1,16.948841,9.214830,16356,16469,111125.750628,112038.254671,20201026, 01:45:30.7380,20201026, 01:48:20.2380,43.46245733,-66.08332587,43.45434667,-66.08333167,43.45839561,-66.08335077,"13.0.388.45006",20230628, 11:38:37.5500,"Y:\Acoustic Index Review Files\EV_File Versions\Version_2022-11-04\2020\German Bank\2020-10-25\LM_Oct25_2020_AD2.EV",0.00000021379398,27.868632,38.000000,""
3,"LM_T03","Transect",2015,122,1,17.166050,13.484266,16470,16585,112046.196688,112970.540409,20201026, 01:48:21.7380,20201026, 01:51:14.2380,43.45427526,-66.08332902,43.44604833,-66.08332000,43.45020167,-66.08334833,"13.0.388.45006",20230628, 11:38:37.5500,"Y:\Acoustic Index Review Files\EV_File Versions\Version_2022-11-04\2020\German Bank\2020-10-25\LM_Oct25_2020_AD2.EV",0.00000031284952,28.310069,38.000000,""
3,"LM_T03","Transect",2015,123,1,16.605106,6.157367,16586,16699,112979.119298,113894.573749,20201026, 01:51:15.7380,20201026, 01:54:05.2380,43.44597651,-66.08335167,43.43787333,-66.08334833,43.44196805,-66.08332000,"13.0.388.45006",20230628, 11:38:37.5500,"Y:\Acoustic Index Review Files\EV_File Versions\Version_2022-11-04\2020\German Bank\2020-10-25\LM_Oct25_2020_AD2.EV",0.00000014285756,27.149474,38.000000,""
3,"LM_T03","Transect",2015,124,1,16.963970,1.392900,16700,16814,113902.846242,114817.978874,20201026, 01:54:06.7380,20201026, 01:56:57.7380,43.43779894,-66.08334590,43.42967228,-66.08330500,43.43373500,-66.08332333,"13.0.388.45006",20230628, 11:38:37.5500,"Y:\Acoustic Index Review Files\EV_File Versions\Version_2022-11-04\2020\German Bank\2020-10-25\LM_Oct25_2020_AD2.EV",0.00000003231678,27.910122,38.000000,""
3,"LM_T03","Transect",2015,125,1,14.601177,4.994467,16815,16930,114825.638576,115747.575297,20201026, 01:56:59.2380,20201026, 01:59:51.7380,43.42960333,-66.08330500,43.42137651,-66.08334500,43.42553484,-66.08333090,"13.0.388.45006",20230628, 11:38:37.5500,"Y:\Acoustic Index Review Files\EV_File Versions\Version_2022-11-04\2020\German Bank\2020-10-25\LM_Oct25_2020_AD2.EV",0.00000011587702,23.200552,38.000000,""
3,"LM_T03","Transect",2015,126,1,16.791714,3.193115,16931,17052,115755.151400,116670.679135,20201026, 01:59:53.2380,20201026, 02:02:54.7380,43.42130833,-66.08334667,43.41323783,-66.08334569,43.41723000,-66.08336500,"13.0.388.45006",20230628, 11:38:37.5500,"Y:\Acoustic Index Review Files\EV_File Versions\Version_2022-11-04\2020\German Bank\2020-10-25\LM_Oct25_2020_AD2.EV",0.00000007408371,27.496918,38.000000,""
3,"LM_T03","Transect",2015,127,1,18.211880,2.127360,17053,17180,116677.860446,117597.332059,20201026, 02:02:56.2380,20201026, 02:06:06.7380,43.41317333,-66.08334000,43.40499863,-66.08331675,43.40908938,-66.08332518,"13.0.388.45006",20230628, 11:38:37.5500,"Y:\Acoustic Index Review Files\EV_File Versions\Version_2022-11-04\2020\German Bank\2020-10-25\LM_Oct25_2020_AD2.EV",0.00000004935704,30.274500,38.000000,""
3,"LM_T03","Transect",2015,128,1,19.530538,3.230305,17181,17309,117604.484567,118524.912255,20201026, 02:06:08.2380,20201026, 02:09:20.2380,43.40493667,-66.08330333,43.39674333,-66.08335167,43.40085500,-66.08336000,"13.0.388.45006",20230628, 11:38:37.5500,"Y:\Acoustic Index Review Files\EV_File Versions\Version_2022-11-04\2020\German Bank\2020-10-25\LM_Oct25_2020_AD2.EV",0.00000007494655,33.038884,38.000000,""
3,"LM_T03","Transect",2015,129,1,20.382098,2.236910,17310,17437,118532.840135,119449.348627,20201026, 02:09:21.7380,20201026, 02:12:32.2380,43.39667795,-66.08332000,43.38853667,-66.08335000,43.39263000,-66.08332667,"13.0.388.45006",20230628, 11:38:37.5500,"Y:\Acoustic Index Review Files\EV_File Versions\Version_2022-11-04\2020\German Bank\2020-10-25\LM_Oct25_2020_AD2.EV",0.00000005189872,34.782000,38.000000,""
3,"LM_T03","Transect",2015,130,1,22.085442,0.766707,17438,17566,119456.966020,120376.121632,20201026, 02:12:33.7380,20201026, 02:15:45.7380,43.38847128,-66.08333433,43.38033697,-66.08332333,43.38439105,-66.08334575,"13.0.388.45006",20230628, 11:38:37.5500,"Y:\Acoustic Index Review Files\EV_File Versions\Version_2022-11-04\2020\German Bank\2020-10-25\LM_Oct25_2020_AD2.EV",0.00000001778842,38.172279,38.000000,""
3,"LM_T03","Transect",2015,131,1,18.482185,4.135102,17567,17695,120382.637913,121300.071758,20201026, 02:15:47.2380,20201026, 02:18:59.2380,43.38027833,-66.08332500,43.37211667,-66.08332833,43.37621000,-66.08333667,"13.0.388.45006",20230628, 11:38:37.5500,"Y:\Acoustic Index Review Files\EV_File Versions\Version_2022-11-04\2020\German Bank\2020-10-25\LM_Oct25_2020_AD2.EV",0.00000009593882,30.606884,38.000000,""
3,"LM_T03","Transect",2015,132,1,22.773910,0.946935,17696,17824,121307.446931,122225.265381,20201026, 02:19:00.7380,20201026, 02:22:12.7380,43.37205030,-66.08332667,43.36390735,-66.08331656,43.36797954,-66.08332143,"13.0.388.45006",20230628, 11:38:37.5500,"Y:\Acoustic Index Review Files\EV_File Versions\Version_2022-11-04\2020\German Bank\2020-10-25\LM_Oct25_2020_AD2.EV",0.00000002196991,39.434419,38.000000,""
3,"LM_T03","Transect",2015,133,1,25.619392,6.202917,17825,17954,122232.224609,123153.976285,20201026, 02:22:14.2380,20201026, 02:25:27.7380,43.36384667,-66.08330667,43.35567307,-66.08332072,43.35979000,-66.08332833,"13.0.388.45006",20230628, 11:38:37.5500,"Y:\Acoustic Index Review Files\EV_File Versions\Version_2022-11-04\2020\German Bank\2020-10-25\LM_Oct25_2020_AD2.EV",0.00000014391436,45.276554,38.000000,""
3,"LM_T03","Transect",2015,134,1,24.836168,5.954300,17955,18083,123160.613721,124082.160652,20201026, 02:25:29.2380,20201026, 02:28:41.2380,43.35561333,-66.08332000,43.34748500,-66.08334833,43.35154833,-66.08333333,"13.0.388.45006",20230628, 11:38:37.5500,"Y:\Acoustic Index Review Files\EV_File Versions\Version_2022-11-04\2020\German Bank\2020-10-25\LM_Oct25_2020_AD2.EV",0.00000013814619,43.622698,38.000000,""
3,"LM_T03","Transect",2015,135,1,23.704355,14.539588,18084,18211,124089.685213,125009.939289,20201026, 02:28:42.7380,20201026, 02:31:53.2380,43.34741730,-66.08334569,43.33937156,-66.08334501,43.34342167,-66.08330667,"13.0.388.45006",20230628, 11:38:37.5500,"Y:\Acoustic Index Review Files\EV_File Versions\Version_2022-11-04\2020\German Bank\2020-10-25\LM_Oct25_2020_AD2.EV",0.00000033733412,41.269500,38.000000,""
3,"LM_T03","Transect",2015,136,1,23.500340,18.675303,18212,18340,125017.788698,125935.126904,20201026, 02:31:54.7380,20201026, 02:35:06.7380,43.33930355,-66.08333247,43.33122981,-66.08331659,43.33525355,-66.08334468,"13.0.388.45006",20230628, 11:38:37.5500,"Y:\Acoustic Index Review Files\EV_File Versions\Version_2022-11-04\2020\German Bank\2020-10-25\LM_Oct25_2020_AD2.EV",0.00000043328717,40.974884,38.000000,""
3,"LM_T03","Transect",2015,137,1,23.443640,15.063156,18341,18469,125942.042872,126856.993485,20201026, 02:35:08.2380,20201026, 02:38:20.2380,43.33117000,-66.08330500,43.32305823,-66.08332499,43.32712490,-66.08332335,"13.0.388.45006",20230628, 11:38:37.5500,"Y:\Acoustic Index Review Files\EV_File Versions\Version_2022-11-04\2020\German Bank\2020-10-25\LM_Oct25_2020_AD2.EV",0.00000034948145,40.930232,38.000000,""
3,"LM_T03","Transect",2015,138,1,23.600415,8.958186,18470,18599,126864.557279,127785.590386,20201026, 02:38:21.7380,20201026, 02:41:35.2380,43.32299022,-66.08332167,43.31487667,-66.08332000,43.31894945,-66.08336731,"13.0.388.45006",20230628, 11:38:37.5500,"Y:\Acoustic Index Review Files\EV_File Versions\Version_2022-11-04\2020\German Bank\2020-10-25\LM_Oct25_2020_AD2.EV",0.00000020783956,41.212061,38.000000,""
3,"LM_T03","Transect",2015,139,1,23.684786,15.761905,18600,18728,127792.959962,128706.923810,20201026, 02:41:36.7380,20201026, 02:44:48.7380,43.31481041,-66.08332432,43.30672176,-66.08334833,43.31075945,-66.08334360,"13.0.388.45006",20230628, 11:38:37.5500,"Y:\Acoustic Index Review Files\EV_File Versions\Version_2022-11-04\2020\German Bank\2020-10-25\LM_Oct25_2020_AD2.EV",0.00000036569319,41.341023,38.000000,""
3,"LM_T03","Transect",2015,140,1,22.705195,5.539175,18729,18861,128714.051469,129638.124390,20201026, 02:44:50.2380,20201026, 02:48:08.2380,43.30666246,-66.08332010,43.29846746,-66.08333493,43.30256749,-66.08333840,"13.0.388.45006",20230628, 11:38:37.5500,"Y:\Acoustic Index Review Files\EV_File Versions\Version_2022-11-04\2020\German Bank\2020-10-25\LM_Oct25_2020_AD2.EV",0.00000012851482,39.253173,38.000000,""
3,"LM_T03","Transect",2015,141,1,21.513431,5.810257,18862,18995,129645.718111,130564.568140,20201026, 02:48:09.7380,20201026, 02:51:29.2380,43.29839945,-66.08332656,43.29025438,-66.08331336,43.29431235,-66.08334935,"13.0.388.45006",20230628, 11:38:37.5500,"Y:\Acoustic Index Review Files\EV_File Versions\Version_2022-11-04\2020\German Bank\2020-10-25\LM_Oct25_2020_AD2.EV",0.00000013480422,37.045970,38.000000,""
3,"LM_T03","Transect",2015,142,1,20.910880,1.430494,18996,19129,130571.651765,131486.467599,20201026, 02:51:30.7380,20201026, 02:54:50.2380,43.29019069,-66.08331297,43.28211220,-66.08333496,43.28619134,-66.08338990,"13.0.388.45006",20230628, 11:38:37.5500,"Y:\Acoustic Index Review Files\EV_File Versions\Version_2022-11-04\2020\German Bank\2020-10-25\LM_Oct25_2020_AD2.EV",0.00000003318901,35.849552,38.000000,""
3,"LM_T03","Transect",2015,143,1,21.298457,1.851850,19130,19262,131494.026119,132411.417430,20201026, 02:54:51.7380,20201026, 02:58:09.7380,43.28204423,-66.08333127,43.27398035,-66.08329939,43.27801090,-66.08332333,"13.0.388.45006",20230628, 11:38:37.5500,"Y:\Acoustic Index Review Files\EV_File Versions\Version_2022-11-04\2020\German Bank\2020-10-25\LM_Oct25_2020_AD2.EV",0.00000004296492,36.612812,38.000000,""
3,"LM_T03","Transect",2015,144,1,23.585478,10.164333,19263,19395,132418.155567,133337.844113,20201026, 02:58:11.2380,20201026, 03:01:29.2380,43.27392177,-66.08329167,43.26585035,-66.08333075,43.26988363,-66.08334092,"13.0.388.45006",20230628, 11:38:37.5500,"Y:\Acoustic Index Review Files\EV_File Versions\Version_2022-11-04\2020\German Bank\2020-10-25\LM_Oct25_2020_AD2.EV",0.00000023582347,41.155850,38.000000,""
3,"LM_T03","Transect",2015,145,1,24.668813,3.751505,19396,19530,133345.012081,134269.966110,20201026, 03:01:30.7380,20201026, 03:04:51.7380,43.26579035,-66.08330604,43.25762555,-66.08332000,43.26172523,-66.08332103,"13.0.388.45006",20230628, 11:38:37.5500,"Y:\Acoustic Index Review Files\EV_File Versions\Version_2022-11-04\2020\German Bank\2020-10-25\LM_Oct25_2020_AD2.EV",0.00000008703896,43.272533,38.000000,""
3,"LM_T03","Transect",2015,146,1,28.099784,11.711901,19531,19663,134276.987042,135194.039909,20201026, 03:04:53.2380,20201026, 03:08:11.2380,43.25756857,-66.08335167,43.24949023,-66.08334500,43.25355196,-66.08333167,"13.0.388.45006",20230628, 11:38:37.5500,"Y:\Acoustic Index Review Files\EV_File Versions\Version_2022-11-04\2020\German Bank\2020-10-25\LM_Oct25_2020_AD2.EV",0.00000027172873,49.219849,38.000000,""
3,"LM_T03","Transect",2015,147,1,35.451935,8.313970,19664,19772,135201.412553,135955.372189,20201026, 03:08:12.7380,20201026, 03:10:54.7380,43.24942388,-66.08334396,43.24324799,-66.08515985,43.24610478,-66.08334177,"13.0.388.45006",20230628, 11:38:37.5500,"Y:\Acoustic Index Review Files\EV_File Versions\Version_2022-11-04\2020\German Bank\2020-10-25\LM_Oct25_2020_AD2.EV",0.00000019289306,64.813211,38.000000,""
